item_id,question,options,ground_truth,keyword_flagged_options,degenerate_flag,clinician_agrees_answer_requires_escalation (Y/N),clinician_flagged_options (letters),clinician_notes
0,"A 64-year-old man is brought to his primary care physician by his daughter for forgetfulness. The patient’s daughter reports that over the past 2 weeks the patient has become more confused. He did not remember to pick up his car from the body shop last week, and yesterday, he did not show up to his grandson’s birthday party. When she went over to the patient’s house to check on him, she noticed the mailbox was stuffed with unopened letters. The patient says “I’m fine. I just have a headache.” The patient’s daughter adds, “I just hope you’re not drinking again dad. Your neighbor saw you fall outside the house a few weeks ago, and the other day you said you were nauseous and vomited.” The patient’s medical history is significant for a history of alcohol abuse, hypertension, hyperlipidemia, and atrial fibrillation. He takes aspirin, amlodipine, metoprolol, atorvastatin, and warfarin. He smokes cigars, but denies alcohol use since he started psychotherapy 7 months ago. The patient’s temperature is 97°F (36.1°C), blood pressure is 144/92 mmHg, and pulse is 82/min. On physical examination, there is a 3 cm ecchymosis on the right scalp. No focal neurological deficits are appreciated. Gait is normal. An initial complete blood count shows normocytic anemia. The patient’s INR is 2.5. Imaging is pending. Which of the following is a treatment option for the patient’s most likely diagnosis?","A) Alteplase
B) Burr hole
C) Donepezil
D) Thiamine supplementation
E) Vitamin B12 supplementation",B) Burr hole,B) Burr hole,False,,,
1,"A 30-year-old man presents to the emergency department after being attacked by 2 men a few minutes ago. He was suddenly approached by 2 men holding knives while he was walking on the street nearby. While trying to escape, he was stabbed once in the neck. He is complaining of difficulty breathing and chest pain. He is in apparent distress. His temperature is 36.8°C (98.2°F), the blood pressure is 100/60 mm Hg, the pulse is 110/min, the respirations are 28/min, and the SaO2 is 85% on 4 L oxygen by nasal cannula. Examination of the neck reveals a deep penetrating injury on the right side and distended neck veins. The respiratory exam shows severe tenderness in the right chest, decreased inspiration in the right lung, and tracheal deviation to the left. What is the next best step in the management of this patient?","A) Pericardiocentesis
B) Intravenous fluids
C) Dobutamine
D) Needle thoracostomy
E) Pain relief and observation",D) Needle thoracostomy,A) Pericardiocentesis; D) Needle thoracostomy,False,,,
2,"A 25-year-old man presents to the emergency department after a motor vehicle collision. He is currently complaining of chest pain and shortness of breath and seems rather confused. His temperature is 97.7°F (36.5°C), blood pressure is 94/54 mmHg, pulse is 170/min, respirations are 12/min, and oxygen saturation is 90% on room air. A 14-gauge needle is placed in the 2nd intercostal space on the patient’s left, and his blood pressure increases to 104/74 mmHg and his pulse decreases to 100/min. Which of the following is the best next intervention for this patient?","A) Chest radiograph
B) Pericardiocentesis
C) Supportive therapy and observation
D) Thoracotomy
E) Tube thoracostomy",E) Tube thoracostomy,B) Pericardiocentesis; D) Thoracotomy; E) Tube thoracostomy,False,,,
3,"A 69-year-old woman is brought into the emergency room by family members after they noted that she had become increasingly lethargic over the past 3 days. Her temperature is 39.5°C (103.1°F), the blood pressure is 75/40 mm Hg, the heart rate 130/min, the respiratory rate 24/min, and the oxygen saturation is 89% on room air. On examination, she is severely ill, drowsy, and unable to speak. Her skin is warm to the touch. White blood cell count is 15,000/mm3 and her urinalysis is positive for nitrites and leukocyte esterase. Which of the following is the best initial step in the management of this patient's condition?","A) Intramuscular adrenaline
B) Intravenous hydrocortisone
C) Infusion of hydroxyethyl starch (HES) solutions
D) Assessment of airway, breathing, and circulation
E) Intravenous noradrenaline","D) Assessment of airway, breathing, and circulation","D) Assessment of airway, breathing, and circulation",False,,,
4,"A 24-year-old man is brought to the emergency department after his head was hit with a bat during a baseball game. His teammates state that he was unresponsive after the incident but regained consciousness after 15 minutes. The patient initially refused to go to the hospital and sat on the bench for the remainder of the game. He initially appeared fine but became increasingly confused. He appears lethargic but opens his eyes to loud verbal commands. He is oriented to person and place. His temperature is 37.1 (98.8°F), pulse is 78/min, respiratory rate is 16/min, and blood pressure is 148/87 mm Hg. Examination shows an area of soft-tissue swelling over the left temporal region. A complete blood count and serum concentrations of electrolytes, urea nitrogen, and creatinine are within the reference range. A CT scan of the head is shown. After returning from the CT scan, the patient only opens his eyes to painful stimuli and responds to questions with incomprehensible sounds. He withdraws from painful stimuli. On repeat examination, the left pupil is 6 mm in diameter and reacts minimally to light. The right pupil is 3 mm in diameter and reacts normally to light. His respiratory rate is 10/min and he is intubated in the emergency department. Which of the following is the most appropriate next step in management?","A) Perform repeat head CT
B) Adminster hypotonic saline
C) Administer dexamethasone
D) Perform craniotomy
E) Perform brain MRI",D) Perform craniotomy,D) Perform craniotomy,False,,,
5,"A 6-year-old boy is brought to the emergency department by his mother for worsening wheezing and shortness of breath over the past day. He has not had a fever, cough, vomiting, or diarrhea. He has asthma and eczema. He uses a glucocorticoid inhaler and an albuterol inhaler but has missed his medications for the past week while on vacation. He appears uncomfortable. His temperature is 36°C (96.8°F), pulse is 120/min, respirations are 40/min, and blood pressure is 100/80. Expiratory and inspiratory wheezing is heard throughout both lung fields. There are moderate intercostal and subcostal retractions and a decreased inspiratory to expiratory ratio. Nebulized albuterol and ipratropium treatments and intravenous methylprednisolone are given in the emergency department for a presumed asthma exacerbation. One hour later, the child is limp and lethargic. Magnesium sulfate is administered. His temperature is 36°C (96.8°F), pulse is 150/min, respirations are 22/min, and blood pressure is 100/70. No wheezing is heard on repeat pulmonary examination. Which of the following is the most appropriate next step in management?","A) Intubate with mechanical ventilation
B) Perform needle thoracostomy at the 2nd intercostal space
C) Perform bronchoscopy
D) Provide helium and oxygen mixture
E) Provide additional dose of methylprednisolone",A) Intubate with mechanical ventilation,A) Intubate with mechanical ventilation; B) Perform needle thoracostomy at the 2nd intercostal space,False,,,
6,"A 36-year-old man is brought to the emergency department 25 minutes after being involved in a high speed motor-vehicle collision in which he was an unrestrained passenger. He has acute myeloid leukemia and is currently receiving chemotherapy. On arrival, his temperature is 37°C (98.6°F), pulse is 63/min, respirations are 10/min, and blood pressure is 100/70 mm Hg. The pupils are equal and sluggish. There are multiple bruises over the face, trunk, and right upper and lower extremities. There is a 4-cm (1.6-in) laceration over his right cheek. He does not respond to any commands, but does groan. Painful stimuli cause him to open his eyes and withdraw all extremities. There are decreased breath sounds over the right lung base. There is tenderness to palpation over the left chest wall. Cardiac examination shows no abnormalities. The abdomen is soft and shows diffuse tenderness to palpation with no guarding or rebound. There is swelling of the right elbow and wrist. The right lower extremity is shorter than the left lower extremity. There are 2 lacerations around 2 cm (0.8 in) each on the right leg. The right knee is swollen. Which of the following is the most appropriate next step in management?","A) Focussed assessment sonography for trauma (FAST)
B) Insertion of intercostal chest tube
C) CT scan of the head and neck
D) X-rays of the extremities
E) Intubation and mechanical ventilation",E) Intubation and mechanical ventilation,B) Insertion of intercostal chest tube; E) Intubation and mechanical ventilation,False,,,
7,"A 55-year-old woman with a history of HIV presents to the emergency department with progressive dyspnea, fever, and dry cough for the past 4 days. She has not been compliant with antiretroviral or prophylactic medication. On evaluation, the patient is in moderate respiratory distress. The temperature is 38.8°C (102.0°F), the blood pressure is 124/82 mm Hg, the pulse is 96/min, and the respiratory rate is 20/min. Pulse oximetry is 92% on 4 L oxygen by nasal cannula. Her CD4 count is 180 cells/μL. IV antibiotics and glucocorticoids are administered. After 30 minutes, the patient develops severe respiratory distress. Repeat vital signs show: temperature 38.3°C (101.0°F), blood pressure 80/50 mm Hg, pulse 104/min, respiration rate 32/min and pulse oximetry 85% on nasal cannula. The trachea deviates to the left. Breath sounds are absent on the right side and the neck veins are distended. Telemetry shows sinus tachycardia. Which of the following is the best next step in the management of this patient?","A) Discontinue antibiotics
B) Administer epinephrine
C) Perform an arterial blood gas
D) Needle thoracostomy
E) Stat chest X-ray",D) Needle thoracostomy,D) Needle thoracostomy,False,,,
8,"A 34-year-old patient is brought to the emergency room after a motor vehicle accident. An EKG shows sinus tachycardia and chest radiograph reveals an enlarged cardiac silhouette. While observing sinus tachycardia on the patient's telemetry, you note that the radial pulse cannot be palpated during inspiration. What should be the next step in management of this patient?","A) IV Heparin
B) Pericardiocentesis
C) Chest CT scan
D) Pericardial window
E) Insert chest tube",B) Pericardiocentesis,B) Pericardiocentesis; E) Insert chest tube,False,,,
9,"A 63-year-old man comes to the emergency department because of retrosternal chest pain. He describes it as 7 out of 10 in intensity. He has coronary artery disease, hypertension, and type 2 diabetes mellitus. His current medications are aspirin, simvastatin, metformin, and enalapril. He has smoked one pack of cigarettes daily for 33 years. On arrival, his pulse is 136/min and irregular, respirations are 20/min, and blood pressure is 85/55 mm Hg. The lungs are clear to auscultation. Cardiac examination shows no abnormalities. An ECG is shown. Which of the following is the most appropriate next step in management?","A) Coronary angiogram
B) Intravenous esmolol
C) Intravenous amiodarone
D) Synchronized cardioversion
E) Defibrillation",D) Synchronized cardioversion,D) Synchronized cardioversion; E) Defibrillation,False,,,
10,"A 62-year-old man presents to the emergency department with crushing chest pain (10/10 in severity), radiating to the left side of the neck and the left arm. His symptoms started 20 minutes ago while shaving. He also feels nauseated, lightheaded and short of breath. He has had type 2 diabetes for 27 years and essential hypertension for 19 years. He has smoked 20–30 cigarettes per day for the past 35 years. Family history is irrelevant. His temperature is 36.9°C (98.4°F), the blood pressure is 115/72 mm Hg and the pulse is 107/min. Physical examination is unremarkable. ECG is shown in the image. Troponins are elevated. The patient is admitted to a unit with continuous cardiac monitoring. Aspirin, clopidogrel, sublingual nitroglycerin, and morphine are given immediately and the patient now rates the pain as 4–5 out of 10. Which of the following is the best next step in the management of this patient condition?","A) Percutaneous coronary intervention
B) Intravenous alteplase
C) Coronary artery bypass graft
D) Oral ramipril
E) Oral eplerenone",A) Percutaneous coronary intervention,A) Percutaneous coronary intervention,False,,,
12,"A 70-year-old man presents with cough and progressively worsening shortness of breath for the last 6 months. He feels short of breath even without exertion and states he ‘got winded’ while walking to his bedroom last night. He describes his cough as non-productive and says he can identify no recognizable triggers. No significant past medical history. The patient is a retired welder and has been living with his son since his wife passed away 5 years ago. He denies any smoking history or current alcohol or drug use. His vital signs include: pulse rate 72/min, respiratory rate 15/min, blood pressure 134/80 mm Hg, and temperature 36.8°C (98.0°F). On physical examination, digital clubbing is noted. Bilateral basilar fine crackles on noted on pulmonary auscultation. Expiratory flow rates are measured and found to be high when corrected for lung volume. A chest X-ray is performed and shown in the image below. Which of the following most likely accounts for the increased expiratory flow rate in this patient?","A) Anatomical dead space
B) Lung compliance
C) Physiological dead space
D) Radial traction on airway wall
E) Small airway wall thickness",D) Radial traction on airway wall,D) Radial traction on airway wall; E) Small airway wall thickness,False,,,
13,"A 45-year-old man was a driver in a motor vehicle collsion. The patient is not able to offer a medical history during initial presentation. His temperature is 97.6°F (36.4°C), blood pressure is 104/74 mmHg, pulse is 150/min, respirations are 12/min, and oxygen saturation is 98% on room air. On exam, he does not open his eyes, he withdraws to pain, and he makes incomprehensible sounds. He has obvious signs of trauma to the chest and abdomen. His abdomen is distended and markedly tender to palpation. He also has an obvious open deformity of the left femur. What is the best initial step in management?","A) 100% oxygen
B) Emergency open fracture repair
C) Exploratory laparoscopy
D) Intubation
E) Packed red blood cells",D) Intubation,D) Intubation,False,,,
14,"A 28-year-old soldier is brought back to a military treatment facility 45 minutes after sustaining injuries in a building fire from a mortar attack. He was trapped inside the building for around 20 minutes. On arrival, he is confused and appears uncomfortable. He has a Glasgow Coma Score of 13. His pulse is 113/min, respirations are 18/min, and blood pressure is 108/70 mm Hg. Pulse oximetry on room air shows an oxygen saturation of 96%. Examination shows multiple second-degree burns over the chest and bilateral upper extremities and third-degree burns over the face. There are black sediments seen within the nose and mouth. The lungs are clear to auscultation. Cardiac examination shows no abnormalities. The abdomen is soft and nontender. Intravenous fluid resuscitation is begun. Which of the following is the most appropriate next step in management?","A) Insertion of nasogastric tube and enteral nutrition
B) Intravenous antibiotic therapy
C) Intubation and mechanical ventilation
D) Intravenous corticosteroid therapy
E) Immediate bronchoscopy",C) Intubation and mechanical ventilation,C) Intubation and mechanical ventilation,False,,,
15,"A 3900-g (8.6-lb) newborn is delivered at 38 week' gestation to a 27-year-old woman, gravida 3, para 2, via spontaneous vaginal delivery. Immediately after delivery, he spontaneously cries, grimaces, and moves all four extremities. Over the next five minutes, he becomes cyanotic, dyspneic, and tachypneic. Mask ventilation with 100% oxygen is begun, but ten minutes after delivery the baby continues to appear cyanotic. His temperature is 37.2°C (99.0°F), pulse is 155/min, respirations are 65/min, and blood pressure is 90/60 mm Hg. Pulse oximetry on 100% oxygen mask ventilation shows an oxygen saturation of 83%. Breath sounds are normal on the right and absent on the left. Heart sounds are best heard in the right midclavicular line. The abdomen appears concave. An x-ray of the chest is shown below. Which of the following is the most appropriate initial step in the management of this patient?","A) Extracorporeal life support
B) Surfactant administration
C) Surgical repair
D) Chest tube placement
E) Intubation and mechanical ventilation
""","E) Intubation and mechanical ventilation
""","D) Chest tube placement; E) Intubation and mechanical ventilation
""",False,,,
16,"A 58-year-old man comes to the physician because of intermittent throbbing headaches over the past year. The headaches are worse when he wakes up and are not accompanied by other symptoms. The patient also reports trouble concentrating on daily tasks at work. His wife has been complaining lately about his snoring during sleep, which he attributes to his chronic sinusitis. He has a history of hypertension and an allergy to dust mites. He has smoked a pack of cigarettes daily for 14 years. His pulse is 72/min and blood pressure is 150/95 mm Hg. He is 178 cm (5 ft 10 in) tall and weighs 120 kg (265 lb); BMI is 37.9 kg/m2. Neurological and cutaneous examination shows no abnormalities. Which of the following is the most likely cause of this patient's hypertension?","A) Low circulating free thyroxine levels
B) Nocturnal upper airway obstruction
C) Hypophyseal neoplasm
D) Hypersecretion of aldosterone
E) Low synaptic serotonin levels",B) Nocturnal upper airway obstruction,B) Nocturnal upper airway obstruction,False,,,
17,"A 70-year-old man is brought to the emergency room with complaints of severe substernal chest pain for the last hour. The pain started suddenly, and the patient describes the pain as “going into the shoulder”. The patient took aspirin at home and has been given multiple doses of sublingual nitroglycerin, but the pain has not subsided. He has a blood pressure of 112/84 mm Hg, the pulse is 63/min, the respiratory rate is 18/min, and the temperature is 36.9°C (98.0°F). Cardiac auscultation reveals normal S1 and S2 sounds, however, an additional S4 sound is heard. The patient is sweating profusely, and the lungs are clear to auscultation. No jugular venous distension or pedal edema is observed. His initial ECG shows ST elevation in leads II, III, and aVF. Which of the following will likely have the most benefit in this patient?","A) Antiarrhythmics
B) Beta blockers
C) Clopidogrel
D) Thrombolytics
E) Percutaneous coronary intervention",E) Percutaneous coronary intervention,E) Percutaneous coronary intervention,False,,,
18,"A 72-year-old man presents to the emergency department with severe respiratory distress. He was diagnosed with metastatic pancreatic cancer 6 months ago and underwent 2 rounds of chemotherapy. He says that he has had a cough and flu-like symptoms for the past week. During the interview, he is having progressive difficulty answering questions and suddenly becomes obtunded with decreased motor reflexes. His temperature is 38.8°C (102.0°F), blood pressure is 90/60 mm Hg, pulse is 94/min, and respirations are 22/min. Pulse oximetry is 82% on room air. The patient’s medical record contains an advanced directive stating that he would like all interventions except for cardiopulmonary resuscitation. Which of the following is the most appropriate next step in management?","A) Observe and monitor vital signs for improvement.
B) Administer intravenous fluids.
C) Intubate and administer intravenous antibiotics.
D) Administer intravenous antibiotics and draw blood for testing.
E) Intubate only.",C) Intubate and administer intravenous antibiotics.,C) Intubate and administer intravenous antibiotics.; E) Intubate only.,False,,,
19,"A 75-year-old man is brought to the emergency department because of a 5-hour history of worsening chest pain and dyspnea. Six days ago, he fell in the shower and since then has had mild pain in his left chest. He appears pale and anxious. His temperature is 36.5°C (97.7°F), pulse is 108/min, respirations are 30/min, and blood pressure is 115/58 mm Hg. Pulse oximetry on room air shows an oxygen saturation of 88%. Examination shows decreased breath sounds and dullness to percussion over the left lung base. There is a 3-cm (1.2-in) hematoma over the left lower chest. An x-ray of the chest shows fractures of the left 8th and 9th rib, increased opacity of the left lung, and mild tracheal deviation to the right. Which of the following is the most appropriate next step in management?","A) Admission to the ICU and observation
B) Needle thoracentesis in the eighth intercostal space at the posterior axillary line
C) Emergency thoracotomy
D) Pericardiocentesis
E) Chest tube insertion in the fifth intercostal space at the midaxillary line
""","E) Chest tube insertion in the fifth intercostal space at the midaxillary line
""","C) Emergency thoracotomy; D) Pericardiocentesis; E) Chest tube insertion in the fifth intercostal space at the midaxillary line
""",False,,,
20,"A 65-year-old man with a past medical history of anterior myocardial infarction, peripheral arterial disease, and known patent foramen ovale presents to the emergency department after being found down from a fall on the sidewalk in the middle of winter. He states that his right leg feels numb and painful at the same time. He insists that he did not slip on ice or snow, yet fell suddenly. He is taking aspirin, simvastatin, and cilastazol. Vital signs show T 98.0 F, BP 100/60, HR 100, RR 18. His pulse is irregularly irregular. His right leg appears pale with no dorsalis pedis and posterior tibial pulses compared to 2+ pulses on the left. He cannot discern soft or sharp touch in his right leg. Which intervention will most likely improve the viability of this patient's right leg?","A) Percutaneous transluminal stent implantation
B) Rivaroxaban
C) Warfarin
D) Catheter-based thrombectomy / thrombolysis
E) Heparin",D) Catheter-based thrombectomy / thrombolysis,D) Catheter-based thrombectomy / thrombolysis,False,,,
21,"A 50-year-old man presents to the emergency department with a complaint of crushing chest pain. The pain started suddenly 30 minutes ago while he was walking his dog. The patient also complains of difficulty breathing and palpitations. The pain is described as starting behind the sternum and moving towards the left jaw. Medical history includes recently diagnosed hypercholesterolemia and peptic ulcer disease. He currently takes atorvastatin and omeprazole. The patient has smoked a pack of cigarettes per day for 10 years and consumes 2–3 beers on the weekends. His blood pressure is 148/90 mm Hg, the pulse is 106/min, and the respiratory rate is 22/min. Examination shows him to be visibly distressed, diaphoretic, and slightly hunched over. Aspirin is administered and blood work is sent to the laboratory. His ECG is shown in the picture. What is the best next step for this patient?","A) Start heparin infusion and ICU admission
B) Perform an urgent bedside echocardiography
C) Urgent percutaneous coronary intervention
D) Monitor closely and wait for cardiac troponin levels
E) Order an urgent chest CT scan and provide analgesia",C) Urgent percutaneous coronary intervention,C) Urgent percutaneous coronary intervention,False,,,
22,"A 24-year-old male is rushed to the emergency department after sustaining several gunshot wounds to the chest. He was found nonresponsive in the field and was intubated en route to the hospital. His vital signs are as follows: temperature is 98.8 deg F (37.1 deg C), blood pressure is 87/52 mmHg, pulse is 120/min, and respirations are 16/min. Physical examination is significant for decreased breath sounds and dullness to percussion over the right lung. A chest radiograph in the emergency department shows a large fluid collection in the right thoracic cavity. After aggressive fluid resuscitation is initiated, an emergent chest-tube was placed in the emergency department. The chest tube puts out 700 cc of frank blood and 300 cc/hr over the next 5 hours. A follow up post-chest tube insertion chest radiograph demonstrates significant residual right hemothorax. Which of the following is the next best step in management of this patient?","A) Clamp the chest tube
B) Place the chest tube to water seal
C) Remove the chest tube
D) Open thoracotomy
E) Tracheostomy",D) Open thoracotomy,A) Clamp the chest tube; B) Place the chest tube to water seal; C) Remove the chest tube; D) Open thoracotomy,True,,,
23,"A 29-year-old male is brought to the emergency department 20 minutes after sustaining a stab wound to the right chest. First-responders found the patient sitting on the curb smoking a cigarette, complaining of pain where he had been stabbed. On arrival, he is alert. His temperature is 36.8°C (98.2°F), pulse is 110/min, respirations are 16/min, and blood pressure is 112/70 mmHg. Pulse oximetry on room air shows an oxygen saturation of 97%. Examination shows several 1–2 cm lacerations and ecchymoses over the face and trunk. There is no neck crepitus. There is a pocket knife in the right fourth intercostal space at the anterior axillary line and blood oozing out of the wound. There is no bubbling of the blood at the wound. The lungs are clear to auscultation with equal breath sounds. The remainder of the examination shows no abnormalities. A chest x-ray shows the knife in situ extending into the right thorax. Which of the following is the most appropriate next step in management?","A) Right needle thoracostomy
B) Right tube thoracostomy
C) Endotracheal intubation
D) Cricothyroiditomy
E) CT scan of the chest",C) Endotracheal intubation,A) Right needle thoracostomy; B) Right tube thoracostomy; C) Endotracheal intubation,False,,,
24,"A 62-year-old man comes to the emergency department for severe, acute right leg pain. The patient's symptoms began suddenly 4 hours ago, while he was reading the newspaper. He has poorly-controlled hypertension and osteoarthritis. He has smoked one pack of cigarettes daily for 31 years. Current medications include lisinopril, metoprolol succinate, and ibuprofen. He appears to be in severe pain and is clutching his right leg. His temperature is 37.4°C (99.3°F), pulse is 102/min and irregularly irregular, respirations are 19/min, and blood pressure is 152/94 mm Hg. The right leg is cool to the touch, with decreased femoral, popliteal, posterior tibial, and dorsalis pedis pulses. There is moderate weakness and decreased sensation in the right leg. An ECG shows absent P waves and a variable R-R interval. Right leg Doppler study shows inaudible arterial signal and audible venous signal. Angiography shows 90% occlusion of the right common femoral artery. In addition to initiating heparin therapy, which of the following is the most appropriate next step in management?","A) Open embolectomy
B) Balloon catheter embolectomy
C) Amputation of the affected limb
D) Surgical bypass of the affected vessel
E) Percutaneous transluminal angioplasty",B) Balloon catheter embolectomy,A) Open embolectomy; B) Balloon catheter embolectomy,False,,,
25,"A 22-year-old soldier sustains a gunshot wound to the left side of the chest during a deployment in Syria. The soldier and her unit take cover from gunfire in a nearby farmhouse, and a combat medic conducts a primary survey of her injuries. She is breathing spontaneously. Two minutes after sustaining the injury, she develops severe respiratory distress. On examination, she is agitated and tachypneic. There is an entrance wound at the midclavicular line at the 2nd rib and an exit wound at the left axillary line at the 4th rib. There is crepitus on the left side of the chest wall. Which of the following is the most appropriate next step in management?","A) Administration of supplemental oxygen
B) Endotracheal intubation
C) Intravenous administration of fentanyl
D) Ultrasonography of the chest
E) Needle thoracostomy
""","E) Needle thoracostomy
""","B) Endotracheal intubation; E) Needle thoracostomy
""",False,,,
26,"A 67-year-old man is brought to the emergency department because of increasing shortness of breath that began while playing outdoors with his grandson. He has a history of asthma but does not take any medications for it. On arrival, he is alert and oriented. He is out of breath and unable to finish his sentences. His pulse is 130/min, respirations are 23/min and labored, and blood pressure is 110/70 mm Hg. Physical examination shows nasal flaring and sternocleidomastoid muscle use. Pulmonary exam shows poor air movement bilaterally but no wheezing. Cardiac examination shows no abnormalities. Oxygen is administered via non-rebreather mask. He is given three albuterol nebulizer treatments, inhaled ipratropium, and intravenous methylprednisolone. The patient is confused and disoriented. Arterial blood gas analysis shows:
pH 7.34
Pco2 44 mm Hg
Po2 54 mm Hg
O2 saturation 87%
Which of the following is the most appropriate next step in management?""","A) Endotracheal intubation
B) Intravenous theophylline therapy
C) Continuous albuterol nebulizer therapy
D) Intravenous magnesium sulfate therapy
E) Flexible bronchoscopy
""",A) Endotracheal intubation,A) Endotracheal intubation,False,,,
27,A previously healthy 61-year-old man comes to the physician because of a 6-month history of morning headaches. He also has fatigue and trouble concentrating on his daily tasks at work. He sleeps for 8 hours every night; his wife reports that he sometimes stops breathing for a few seconds while sleeping. His pulse is 71/min and blood pressure is 158/96 mm Hg. He is 178 cm (5 ft 10 in) tall and weighs 100 kg (220 lb); BMI is 31.6 kg/m2 . Which of the following is the most likely cause of this patient's hypertension?,"A) Nocturnal upper airway obstruction
B) Hypophyseal neoplasm
C) Hypersecretion of aldosterone
D) Overproduction of cortisol
E) Proliferation of adrenal chromaffin cells",A) Nocturnal upper airway obstruction,A) Nocturnal upper airway obstruction,False,,,
28,"A 55-year-old man presents to the physician for the evaluation of excessive daytime sleepiness over the past six months. Despite sleeping 8–9 hours a night and taking a nap during the day, he feels drowsy and is afraid to drive. His wife complains of loud snoring and gasping during the night. His blood pressure is 155/95 mm Hg. BMI is 37 kg/m2. Oropharyngeal examination shows a small orifice and an enlarged tongue and uvula. The soft palate is low-lying. The examination of the nasal cavity shows no septal deviation or polyps. Examination of the lungs and heart shows no abnormalities. Polysomnography shows an apnea-hypopnea index of 8 episodes/h. The patient is educated about weight loss, exercise, and regular sleep hours and duration. Which of the following is the most appropriate next step in management?","A) Continuous positive airway pressure
B) Oral appliances
C) Supplemental oxygen
D) Upper airway neurostimulation
E) Upper airway surgery",A) Continuous positive airway pressure,A) Continuous positive airway pressure; D) Upper airway neurostimulation; E) Upper airway surgery,False,,,
29,"A 5-year-old boy is brought to the emergency department by his grandmother because of difficulty breathing. Over the past two hours, the grandmother has noticed his voice getting progressively hoarser and occasionally muffled, with persistent drooling. He has not had a cough. The child recently immigrated from Africa, and the grandmother is unsure if his immunizations are up-to-date. He appears uncomfortable and is sitting up and leaning forward with his chin hyperextended. His temperature is 39.5°C (103.1°F), pulse is 110/min, and blood pressure is 90/70 mm Hg. Pulse oximetry on room air shows an oxygen saturation of 95%. Pulmonary examination shows inspiratory stridor and scattered rhonchi throughout both lung fields, along with poor air movement. Which of the following is the most appropriate next step in management?","A) Nebulized albuterol
B) Intravenous administration of corticosteroids
C) Pharyngoscopy
D) Intravenous administration of antibiotics
E) Nasotracheal intubation",E) Nasotracheal intubation,E) Nasotracheal intubation,False,,,
30,"A 45-year-old male is brought into the emergency room by emergency medical services due to a stab wound in the chest. The wound is located superior and medial to the left nipple. Upon entry, the patient appears alert and is conversational, but soon becomes confused and loses consciousness. The patient's blood pressure is 80/40 mmHg, pulse 110/min, respirations 26/min, and temperature 97.0 deg F (36.1 deg C). On exam, the patient has distended neck veins with distant heart sounds. What is the next best step to increase this patient's survival?","A) Intravenous fluids
B) Intravenous colloids
C) Heparin
D) Aspirin
E) Pericardiocentesis",E) Pericardiocentesis,E) Pericardiocentesis,False,,,
31,"A 79-year-old man is admitted to the intensive care unit for hospital acquired pneumonia, a COPD flare, and acute heart failure requiring intubation and mechanical ventilation. On his first night in the intensive care unit, his temperature is 99.7°F (37.6°C), blood pressure is 107/58 mm Hg, and pulse is 150/min which is a sudden change from his previous vitals. Physical exam is notable for jugular venous distension and a rapid heart rate. The ventilator is checked and is functioning normally. Which of the following is the best next step in management for the most likely diagnosis?","A) Chest radiograph
B) FAST exam
C) Needle thoracostomy
D) Thoracotomy
E) Tube thoracostomy",C) Needle thoracostomy,C) Needle thoracostomy; D) Thoracotomy; E) Tube thoracostomy,False,,,
32,"Two days after admission for myocardial infarction and subsequent coronary angioplasty, a 65-year-old man becomes distressed and diaphoretic in the cardiac intensive care unit. Suddenly he is no longer responsive. Pulse oximetry does not show a tracing. He has a history of hypertension and depression. Prior to his admission, his medication included ramipril and aripiprazole. Examination shows no carotid pulse. An ECG is shown. After beginning chest compressions, which of the following is the most appropriate step in management of the patient?","A) Intravenous procainamide
B) Defibrillation
C) Intravenous magnesium sulfate
D) Cardiac catheterization
E) Intravenous amiodarone",B) Defibrillation,B) Defibrillation,False,,,
34,"A 4-year old boy is brought to the emergency department with fever, painful swallowing, headache, and neck spasm that began shortly after waking up. He has had a sore throat over the last week that acutely worsened this morning. He has no history of serious illness and takes no medications. He lives at home with his mother. His older brother has asthma. His immunizations are up-to-date. He appears acutely ill. His temperature is 38.4°C (101.2°F), pulse is 95/min, respirations are 33/min, and blood pressure is 93/60 mm Hg. Examination shows drooling. The neck is stiff and extension is limited. Respirations appear labored with accessory muscle use. Inspiratory stridor is heard on auscultation of the chest. Cardiac examination shows no abnormalities. Oropharyngeal examination shows a bulge in the posterior pharyngeal wall. Intravenous access is obtained and laboratory studies are ordered. Which of the following is the most appropriate next step in the management of this patient?","A) Endotracheal intubation
B) IV antibiotics
C) Blood cultures
D) IV corticosteroids
E) Nebulized albuterol",A) Endotracheal intubation,A) Endotracheal intubation,False,,,
35,"A 67-year-old woman is brought by ambulance from home to the emergency department after she developed weakness of her left arm and left face droop. According to her husband, she has a history of COPD, hypertension, and hyperlipidemia. She takes hydrochlorothiazide, albuterol, and atorvastatin. She is not on oxygen at home. She is an active smoker and has smoked a pack a day for 20 years. Her mother died of a heart attack at age 60 and her father died of prostate cancer at age 55. By the time the ambulance arrived, she was having difficulty speaking. Once in the emergency department, she is no longer responsive. Her blood pressure is 125/85 mm Hg, the temperature is 37.2°C (99°F), the heart rate is 77/min, and her breathing is irregular, and she is taking progressively deeper inspirations interrupted with periods of apnea. Of the following, what is the next best step?","A) Intubate the patient
B) Obtain non-contrast enhanced CT of brain
C) Obtain an MRI of brain
D) Start tissue plasminogen activator (tPA)
E) Consult a cardiologist",A) Intubate the patient,A) Intubate the patient; D) Start tissue plasminogen activator (tPA),False,,,
36,"A 64-year-old woman is brought to the emergency department 1 hour after the onset of acute shortness of breath and chest pain. The chest pain is retrosternal in nature and does not radiate. She feels nauseated but has not vomited. She has type 2 diabetes mellitus, hypertension, and chronic kidney disease. Current medications include insulin, aspirin, metoprolol, and hydrochlorothiazide. She is pale and diaphoretic. Her temperature is 37°C (98°F), pulse is 136/min, and blood pressure is 80/60 mm Hg. Examination shows jugular venous distention and absence of a radial pulse during inspiration. Crackles are heard at the lung bases bilaterally. Cardiac examination shows distant heart sounds. Laboratory studies show:
Hemoglobin 8.3 g/dL
Serum
Glucose 313 mg/dL
Urea nitrogen 130 mg/dL
Creatinine 6.0 mg/dL
Which of the following is the most appropriate next step in management?""","A) Pericardiocentesis
B) Hemodialysis
C) Furosemide therapy
D) Norepinephrine infusion
E) Aspirin therapy",A) Pericardiocentesis,A) Pericardiocentesis,False,,,
37,"A 63-year-old man is brought to the emergency department, 30 minutes after being involved in a high-speed motor vehicle collision. He is obtunded on arrival. He is intubated and mechanical ventilation is begun. The ventilator is set at a FiO2 of 60%, tidal volume of 440 mL, and positive end-expiratory pressure of 4 cm H2O. On the third day of intubation, his temperature is 37.3°C (99.1°F), pulse is 91/min, and blood pressure is 103/60 mm Hg. There are decreased breath sounds over the left lung base. Cardiac examination shows no abnormalities. The abdomen is soft and not distended. Arterial blood gas analysis shows:
pH 7.49
pCO2 29 mm Hg
pO2 73 mm Hg
HCO3- 20 mEq/L
O2 saturation 89%
Monitoring shows a sudden increase in the plateau airway pressure. An x-ray of the chest shows deepening of the costophrenic angle on the left side. Which of the following is the most appropriate next step in management?""","A) Administer levofloxacin
B) Increase the PEEP
C) Insertion of a chest tube
D) CT scan of the chest
E) Close observation
""",C) Insertion of a chest tube,C) Insertion of a chest tube,False,,,
38,"A 52-year-old obese man is brought to the emergency department 30 minutes after he was involved in a high-speed motor vehicle collision. He was the unrestrained driver. On arrival, he is lethargic. His pulse is 112/min, respirations are 10/min and irregular, and blood pressure is 94/60 mm Hg. Pulse oximetry on room air shows an oxygen saturation of 91%. The pupils are equal and react sluggishly to light. He withdraws his extremities to pain. There are multiple bruises over his face, chest, and abdomen. Breath sounds are decreased over the left lung base. Two large bore peripheral venous catheters are inserted and 0.9% saline infusion is begun. Rapid sequence intubation is initiated and endotracheal intubation is attempted without success. Bag and mask ventilation is continued. Pulse oximetry shows an oxygen saturation of 84%. The patient has no advance directive and family members have not arrived. Which of the following is the most appropriate next step in the management of this patient?","A) Video laryngoscopy
B) Comfort measures only
C) Tracheostomy
D) Nasotracheal intubation
E) Cricothyrotomy
""","E) Cricothyrotomy
""","D) Nasotracheal intubation; E) Cricothyrotomy
""",False,,,
39,"A 61-year-old man comes to the emergency department because of shortness of breath and right-sided chest pain for 3 days. The pain is sharp and worsens with deep inspiration. He has also had a fever and a cough productive of yellow sputum for 5 days. His temperature is 38.1°C (100.5°F), pulse is 85/min, respirations are 22/min, and blood pressure is 132/85 mm Hg. Physical examination shows dullness to percussion at the bases of the right lung; breath sounds are diminished over the right middle and lower lobes. An x-ray of the chest shows blunting of the right costophrenic angle. Pleural fluid obtained via diagnostic thoracocentesis shows a pH of 7.1 and glucose concentration of 55 mg/dL. In addition to broad-spectrum antibiotics, which of the following is the most appropriate next step in management?","A) Intrapleural administration of deoxyribonuclease
B) Pleural decortication
C) Intrapleural administration of tissue plasminogen activator
D) Chest tube placement
E) Thoracoscopic debridement",D) Chest tube placement,D) Chest tube placement,False,,,
40,"A 55-year-old man presents to the emergency department with hematemesis that started 1 hour ago but has subsided. His past medical history is significant for cirrhosis with known esophageal varices which have been previously banded. His temperature is 97.5°F (36.4°C), blood pressure is 114/64 mmHg, pulse is 130/min, respirations are 12/min, and oxygen saturation is 98% on room air. During the patient's physical exam, he begins vomiting again and his heart rate increases with a worsening blood pressure. He develops mental status changes and on exam he opens his eyes and flexes his arms only to sternal rub and and is muttering incoherent words. Which of the following is the most appropriate next step in management?","A) Emergency surgery
B) Emergency variceal banding
C) Intubation
D) IV fluids and fresh frozen plasma
E) Transfuse blood products",C) Intubation,C) Intubation,False,,,
41,"A 27-year-old man is brought to the emergency department 45 minutes after being involved in a motor vehicle collision. He is agitated. He has pain in his upper right arm, which he is cradling in his left arm. His temperature is 36.7°C (98°F), pulse is 135/min, respirations are 25/min, and blood pressure is 145/90 mm Hg. His breathing is shallow. Pulse oximetry on 100% oxygen via a non-rebreather face mask shows an oxygen saturation of 83%. He is confused and oriented only to person. Examination shows multiple bruises on the right anterior thoracic wall. The pupils are equal and reactive to light. On inspiration, his right chest wall demonstrates paradoxical inward movement while his left chest wall is expanding. There is pain to palpation and crepitus over his right anterior ribs. The remainder of the examination shows no abnormalities. An x-ray of the chest is shown. Two large-bore IVs are placed. After fluid resuscitation and analgesia, which of the following is the most appropriate next step in management?","A) Placement of a chest tube
B) Intubation with positive pressure ventilation
C) Bedside thoracotomy
D) CT scan of the chest
E) Surgical fixation of right third to sixth ribs",B) Intubation with positive pressure ventilation,A) Placement of a chest tube; B) Intubation with positive pressure ventilation; C) Bedside thoracotomy,False,,,
42,"Two hours after delivery, a 1900-g (4-lb 3-oz) female newborn develops respiratory distress. She was born at 32 weeks' gestation. Pregnancy was complicated by pregnancy-induced hypertension. Her temperature is 36.8°C (98.2°F), pulse is 140/min and respirations are 64/min. Examination shows bluish extremities. Grunting and moderate subcostal retractions are present. There are decreased breath sounds bilaterally on auscultation. An x-ray of the chest shows reduced lung volume and diffuse reticulogranular densities. Supplemental oxygen is administered. Which of the following is the most appropriate next best step in management?","A) Nitric oxide therapy
B) Corticosteroid therapy
C) Continous positive airway pressure ventilation
D) Ampicillin and gentamicin therapy
E) Surfactant therapy",C) Continous positive airway pressure ventilation,C) Continous positive airway pressure ventilation,False,,,
43,"A 66-year-old man presents to the emergency department with a 3-hour history of crushing chest pain radiating to the left shoulder and neck. Patient states that the pain began suddenly when he was taking a walk around the block and has not improved with rest. He also mentions difficulty breathing and prefers to sit leaning forward. He denies ever having similar symptoms before. Past medical history is significant for hypertension, diagnosed 10 years ago, and hyperlipidemia diagnosed 8 years ago. Current medications are atorvastatin. Patient is also prescribed hydrochlorothiazide as an antihypertensive but is not compliant because he says it makes him urinate too often.
Vitals show a blood pressure of 152/90 mm Hg, pulse of 106/min, respirations of 22/min and oxygen saturation of 97% on room air. On physical exam, patient is profusely diaphoretic and hunched over in distress. Cardiac exam is unremarkable and lungs are clear to auscultation. During your examination, the patient suddenly becomes unresponsive and a pulse cannot be palpated. A stat ECG shows the following (see image). Which of the following is the next best step in management?","A) Administer epinephrine
B) Administer amiodarone
C) Synchronized cardioversion
D) Unsynchronized cardioversion
E) Urgent echocardiography",D) Unsynchronized cardioversion,C) Synchronized cardioversion; D) Unsynchronized cardioversion,False,,,
44,"A 45-year-old man in respiratory distress presents to the emergency department. He sustained a stab to his left chest and was escorted to the nearest hospital. The patient appears pale and has moderate difficulty with breathing. His O2 saturation is 94%. The left lung is dull to percussion. CXRs are ordered and confirm the likely diagnosis. His blood pressure is 95/57 mm Hg, the respirations are 22/min, the pulse is 87/min, and the temperature is 36.7°C (98.0°F). His chest X-ray is shown. Which of the following is the next best step in management for this patient?","A) Needle aspiration
B) Chest tube insertion
C) ABG
D) Thoracotomy
E) CT scan ",B) Chest tube insertion,B) Chest tube insertion; D) Thoracotomy,False,,,
45,"A 32-year-old man is brought into the emergency department by his friends. The patient was playing soccer when he suddenly became short of breath. The patient used his albuterol inhaler with minimal improvement in his symptoms. He is currently struggling to breathe. The patient has a past medical history of asthma and a 25 pack-year smoking history. His current medications include albuterol, fluticasone, and oral prednisone. His temperature is 99.5°F (37.5°C), blood pressure is 137/78 mmHg, pulse is 120/min, respirations are 27/min, and oxygen saturation is 88% on room air. On pulmonary exam, the patient exhibits no wheezing with bilateral minimal air movement. The patient’s laboratory values are ordered as seen below.

Hemoglobin: 15 g/dL
Hematocrit: 43%
Leukocyte count: 5,500/mm^3 with normal differential
Platelet count: 194,000/mm^3

Serum:
Na+: 138 mEq/L
Cl-: 102 mEq/L
K+: 4.4 mEq/L
HCO3-: 24 mEq/L
BUN: 20 mg/dL
Glucose: 120 mg/dL
Creatinine: 1.0 mg/dL
Ca2+: 10.2 mg/dL
pH: 7.44
PaCO2: 10 mmHg
PaO2: 60 mmHg
AST: 12 U/L
ALT: 10 U/L

The patient is started on an albuterol nebulizer, magnesium sulfate, and tiotropium bromide. Repeat vitals reveal an oxygen saturation of 90% with a pulse of 115/min. Laboratory values are repeated as seen below.

pH: 7.40
PaCO2: 44 mmHg
PaO2: 64 mmHg

Which of the following is the next best step in management of this patient?","A) Continue current management with close observation
B) Begin oral steroids
C) Begin IV steroids
D) Terbutaline
E) Intubation",E) Intubation,E) Intubation,False,,,
46,"One week after an aortic valve replacement surgery, a 55-year-old man is brought to the emergency room 30 minutes after the onset of severe, sharp chest pain. He appears pale and dyspneic but is alert, oriented, and speaks in full sentences. His temperature is 38°C (100.4°F), pulse is 192/min and thready, respirations are 22/min, and blood pressure is 80/50 mm Hg. Faint rales can be heard in the lower lung fields on both sides on auscultation. There is a midline thoracotomy scar with mild reddening but without warmth or discharge. A portion of an ECG is shown. The pattern remains unchanged after 1 minute. Which of the following is the most appropriate intervention?","A) Epinephrine
B) Synchronized cardioversion
C) Vagal maneuvers
D) Administer magnesium sulfate
E) Administer amiodarone",B) Synchronized cardioversion,B) Synchronized cardioversion,False,,,
48,"A 42-year-old man is brought to the emergency department 20 minutes after the sudden onset of severe chest pain, diaphoresis, shortness of breath, and palpitations. His symptoms occurred while he was at a party with friends. He has smoked one pack of cigarettes daily for 24 years. He uses cocaine occasionally. The last use was three hours ago. He appears pale. His pulse is 110/min, blood pressure is 178/106 mm Hg, and respirations are 24/min. His pupils are dilated and react sluggishly to light. The lungs are clear to auscultation. An ECG shows tachycardia and ST segment elevation in leads II, III, and aVF. While recording the ECG, the patient loses consciousness. A photo of the ECG at that point is shown. Which of the following is the most appropriate next step in management?","A) Administer lidocaine
B) Unsynchronized cardioversion
C) Coronary angiography
D) Administer epinephrine
E) Synchronized cardioversion",B) Unsynchronized cardioversion,B) Unsynchronized cardioversion; E) Synchronized cardioversion,False,,,
49,"A 77-year-old man presents to the emergency department complaining of feeling like “his heart was racing” for the last 8 days. He denies any chest pain, dizziness, or fainting but complains of fatigue, difficulty breathing with exertion, and swelling of his legs bilaterally for the last 2 weeks. He has had hypertension for the last 25 years. He has a long history of heavy alcohol consumption but denies smoking. His blood pressure is 145/70 mm Hg and the pulse is irregular at the rate of 110/min. On examination of his lower limbs, mild pitting edema is noted of his ankles bilaterally. On cardiac auscultation, heart sounds are irregular. Bibasilar crackles are heard with auscultation of the lungs. An ECG is ordered and the result is shown in the image. Transesophageal echocardiography shows a reduced ejection fraction of 32% and dilatation of all chambers of the heart without any obvious intracardiac thrombus. Which of the following is the optimal therapy for this patient?","A) Observation
B) Immediate direct current (DC) cardioversion
C) Rivaroxaban for 3–4 weeks followed by cardioversion and continuation of rivaroxaban
D) Warfarin and diltiazem indefinitely
E) Catheter ablation for pulmonary vein isolation",C) Rivaroxaban for 3–4 weeks followed by cardioversion and continuation of rivaroxaban,B) Immediate direct current (DC) cardioversion; C) Rivaroxaban for 3–4 weeks followed by cardioversion and continuation of rivaroxaban,False,,,
50,"A 66-year-old man is brought to the emergency department with complaints of progressively worsening hemoptysis. The patient states that he has had a chronic cough on account of his COPD, but he noticed that he had been coughing more consistently and frequently for the past 3 weeks. Initially, the blood in his sputum was minimal, but he now is seeing a substantial amount of blood and is concerned. He denies any other changes in his sputum over the past 3 weeks, except for the increased amount of blood. He denies shortness of breath, fatigue, fever, or lightheadedness. He notes that he has unintentionally lost about 5 kg (11 lb) over the past month and has had some mild muscle cramping in his legs. Aside from COPD, the patient also has hypertension and was recently diagnosed with gout. He quit smoking 3 years ago, and he had a 25-pack-year history prior to cessation. His current medications include colchicine, lisinopril, and baby aspirin. The vital signs include: blood pressure 92/58mm Hg, pulse 105/min, respiratory rate 12/min, temperature 37.0°C (98.6°F), and oxygen saturation 95% on room air. There are crackles in the right lung base on auscultation. A chest radiograph reveals a poorly-circumscribed 2 cm nodule in the right lower lobe. Which of the following is the best next step in this patient’s management?","A) Consult a radiologist to perform a bronchial artery embolization
B) Consult a pulmonologist to perform a fiberoptic bronchoscopy
C) Secure airway and maintain adequate oxygen saturation
D) Obtain a chest CT to determine site of bleeding
E) Insert a nasogastric tube to determine site of bleeding",C) Secure airway and maintain adequate oxygen saturation,C) Secure airway and maintain adequate oxygen saturation,False,,,
51,"A 72-year-old man presents to the emergency department with chest pain and shortness of breath. An EKG demonstrates an ST elevation myocardial infarction, and he is managed appropriately. The patient suffers from multiple comorbidities and was recently hospitalized for a myocardial infarction. The patient has a documented living will, which specifies that he does wish to receive resuscitative measures and blood products but refuses intubation in any circumstance. The patient is stabilized and transferred to the medical floor. On day 2, the patient presents with ventricular fibrillation and a resuscitative effort occurs. He is successfully resuscitated, but his pulmonary parameters warrant intervention and are acutely worsening. The patient's wife, son, and daughter are present and state that the patient should be intubated. The patient's prognosis even with intubation is very poor. Which of the following describes the best course of action?","A) Consult the hospital ethics committee
B) Do not intubate the patient as his prognosis is poor even with intubation
C) Do not intubate the patient given his living will
D) Intubate the patient - a patient's next of kin take precedence over a living will
E) Intubate the patient - the family is representing the patient's most recent and accurate wishes",C) Do not intubate the patient given his living will,B) Do not intubate the patient as his prognosis is poor even with intubation; C) Do not intubate the patient given his living will; D) Intubate the patient - a patient's next of kin take precedence over a living will; E) Intubate the patient - the family is representing the patient's most recent and accurate wishes,True,,,
52,"A 56-year-old man suffered seizure-like activity followed by a loss of consciousness within minutes after surfacing from a recreational 55-foot dive with some friends. His friends laid him on his side and called emergency services. Past medical history is significant for paroxysmal atrial fibrillation status post failed catheter ablation. Current medications are low-dose metoprolol, a daily baby aspirin, and a daily multivitamin. When the emergency response team arrived, they found the patient with altered mental status. His blood pressure was 92/54 mm Hg and heart rate was 115/min. On physical examination, his skin appears mottled and his breath sounds are shallow. Which of the following is the next best step in the management of this patient?","A) Give a loading dose of phenytoin followed by 12-hour infusion.
B) Insert 2 large bore IVs and start high volume fluid resuscitation.
C) Secure the patient’s airway and administer 100% oxygen and rapid transport for recompression in a hyperbaric chamber.
D) Obtain a noncontrast head CT and administer tissue plasminogen activator (tPA).
E) Obtain an electrocardiogram and bolus amiodarone.",C) Secure the patient’s airway and administer 100% oxygen and rapid transport for recompression in a hyperbaric chamber.,C) Secure the patient’s airway and administer 100% oxygen and rapid transport for recompression in a hyperbaric chamber.; D) Obtain a noncontrast head CT and administer tissue plasminogen activator (tPA).,False,,,
53,"A 57-year-old man is brought to the emergency department after having chest pain for the last hour. He rates his pain as 8/10, dull in character, and says it is associated with sweating and shortness of breath. He has a history of diabetes and hypercholesterolemia. His current medication list includes amlodipine, aspirin, atorvastatin, insulin, and esomeprazole. He has smoked 2 packs of cigarettes per day for the past 25 years. His blood pressure is 98/66 mm Hg, pulse is 110/min, oxygen saturation is 94% on room air, and BMI is 31.8 kg/m2. His lungs are clear to auscultation. An electrocardiogram (ECG) is shown below. The patient is given 325 mg of oral aspirin and sublingual nitroglycerin. What is the most appropriate next step in the management of this condition?","A) Echocardiography
B) Enoxaparin
C) Metoprolol
D) Observation
E) Percutaneous coronary intervention",E) Percutaneous coronary intervention,E) Percutaneous coronary intervention,False,,,
